Term,Error
fracture,'tuple' object has no attribute 'metadata'
microbial deposit,'tuple' object has no attribute 'metadata'
peloid,'tuple' object has no attribute 'metadata'
stylolite,'tuple' object has no attribute 'metadata'
abrasion,'tuple' object has no attribute 'metadata'
abiotic chemical precipitation,'tuple' object has no attribute 'metadata'
accommodation space,'tuple' object has no attribute 'metadata'
aggregate replacement,'tuple' object has no attribute 'metadata'
aggradational carbonate platform,'tuple' object has no attribute 'metadata'
albian,'tuple' object has no attribute 'metadata'
alkaline environment,'tuple' object has no attribute 'metadata'
alternating layer,'tuple' object has no attribute 'metadata'
alternating level,'tuple' object has no attribute 'metadata'
alternation,'tuple' object has no attribute 'metadata'
ancient lacustrine system,'tuple' object has no attribute 'metadata'
angular quartz,'tuple' object has no attribute 'metadata'
anhydrite,'tuple' object has no attribute 'metadata'
anomalous spherulstone,'tuple' object has no attribute 'metadata'
aptian,'tuple' object has no attribute 'metadata'
argillaceous ooid,'tuple' object has no attribute 'metadata'
argillaceous peloid,'tuple' object has no attribute 'metadata'
articulated,'tuple' object has no attribute 'metadata'
asymmetric fascicular aggregate,'tuple' object has no attribute 'metadata'
asymmetric spherulite,'tuple' object has no attribute 'metadata'
atmospheric-lake water carbon dioxide equilibrium,'tuple' object has no attribute 'metadata'
barite,'tuple' object has no attribute 'metadata'
barremian,'tuple' object has no attribute 'metadata'
best reservoir,'tuple' object has no attribute 'metadata'
bioclastic accumulation,'tuple' object has no attribute 'metadata'
bioclastic deposit,'tuple' object has no attribute 'metadata'
bioturbated,'tuple' object has no attribute 'metadata'
bivalve bioclast,'tuple' object has no attribute 'metadata'
bivalve bioclast shell,'tuple' object has no attribute 'metadata'
bivalve calcirudite,'tuple' object has no attribute 'metadata'
bivalve reworking,'tuple' object has no attribute 'metadata'
blocky calcite,'tuple' object has no attribute 'metadata'
blocky cement,'tuple' object has no attribute 'metadata'
blocky dolomite,'tuple' object has no attribute 'metadata'
blocky magnesite,'tuple' object has no attribute 'metadata'
broad lake,'tuple' object has no attribute 'metadata'
build-up,'tuple' object has no attribute 'metadata'
calcarenite,'tuple' object has no attribute 'metadata'
calcite aggregate replacement,'tuple' object has no attribute 'metadata'
calcite aggregate replacement by chalcedony,'tuple' object has no attribute 'metadata'
calcite cement,'tuple' object has no attribute 'metadata'
calcite fascicular shrub,'tuple' object has no attribute 'metadata'
calcite intraclast reworking,'tuple' object has no attribute 'metadata'
calcite mosaic,'tuple' object has no attribute 'metadata'
calcite rim,'tuple' object has no attribute 'metadata'
calcite rim detachment,'tuple' object has no attribute 'metadata'
calcite spherulite,'tuple' object has no attribute 'metadata'
calcrete,'tuple' object has no attribute 'metadata'
carbon dioxide degassing,'tuple' object has no attribute 'metadata'
carbonaceous fragment,'tuple' object has no attribute 'metadata'
carbonate,'tuple' object has no attribute 'metadata'
carbonate allochem,'tuple' object has no attribute 'metadata'
carbonate buildup,'tuple' object has no attribute 'metadata'
carbonate fan delta shoreline,'tuple' object has no attribute 'metadata'
carbonate intraclast,'tuple' object has no attribute 'metadata'
carbonate mineral,'tuple' object has no attribute 'metadata'
carbonate mound genesis control,'tuple' object has no attribute 'metadata'
carbonate oolith,'tuple' object has no attribute 'metadata'
carbonate reservoir,'tuple' object has no attribute 'metadata'
carnallite,'tuple' object has no attribute 'metadata'
centimeter level,'tuple' object has no attribute 'metadata'
centimetric intercalation,'tuple' object has no attribute 'metadata'
chaotic orientation,'tuple' object has no attribute 'metadata'
chaotic wedge,'tuple' object has no attribute 'metadata'
chalcedony cement,'tuple' object has no attribute 'metadata'
chalcedony fibrous rim,'tuple' object has no attribute 'metadata'
chemical composition variation,'tuple' object has no attribute 'metadata'
chemical deposit,'tuple' object has no attribute 'metadata'
chemocline,'tuple' object has no attribute 'metadata'
chemocline intersection,'tuple' object has no attribute 'metadata'
chemocline perturbation,'tuple' object has no attribute 'metadata'
chert,'tuple' object has no attribute 'metadata'
chert formation,'tuple' object has no attribute 'metadata'
clay cutan,'tuple' object has no attribute 'metadata'
clay envelope,'tuple' object has no attribute 'metadata'
clay ooid nucleus,'tuple' object has no attribute 'metadata'
clay ooid reworking,'tuple' object has no attribute 'metadata'
clay presence,'tuple' object has no attribute 'metadata'
closed lacustrine system,'tuple' object has no attribute 'metadata'
clinoform,'tuple' object has no attribute 'metadata'
clotted envelope,'tuple' object has no attribute 'metadata'
clotted texture,'tuple' object has no attribute 'metadata'
coarse calcite cement,'tuple' object has no attribute 'metadata'
coarse package,'tuple' object has no attribute 'metadata'
coquina,'tuple' object has no attribute 'metadata'
coquina sample,'tuple' object has no attribute 'metadata'
cored interval,'tuple' object has no attribute 'metadata'
cored well,'tuple' object has no attribute 'metadata'
cortical magnesium clay envelope,'tuple' object has no attribute 'metadata'
crust,'tuple' object has no attribute 'metadata'
crustal stretching area,'tuple' object has no attribute 'metadata'
crystal aggregate,'tuple' object has no attribute 'metadata'
cryptocrystalline envelope,'tuple' object has no attribute 'metadata'
cryptocrystalline silica,'tuple' object has no attribute 'metadata'
current,'tuple' object has no attribute 'metadata'
current activity,'tuple' object has no attribute 'metadata'
current redeposition model,'tuple' object has no attribute 'metadata'
current ripple,'tuple' object has no attribute 'metadata'
cyanobacteria,'tuple' object has no attribute 'metadata'
dawsonite,'tuple' object has no attribute 'metadata'
debris,'tuple' object has no attribute 'metadata'
deeper re-sedimented deposit,'tuple' object has no attribute 'metadata'
deeper setting,'tuple' object has no attribute 'metadata'
derived porosity,'tuple' object has no attribute 'metadata'
desiccation cycle,'tuple' object has no attribute 'metadata'
detached from grain,'tuple' object has no attribute 'metadata'
detrital component,'tuple' object has no attribute 'metadata'
diagenetic constituent,'tuple' object has no attribute 'metadata'
diagenetic evolution,'tuple' object has no attribute 'metadata'
diagenetic feature,'tuple' object has no attribute 'metadata'
disarticulated,'tuple' object has no attribute 'metadata'
discrete interval concentration,'tuple' object has no attribute 'metadata'
discrete rim,'tuple' object has no attribute 'metadata'
disseminated in matrix,'tuple' object has no attribute 'metadata'
dissolved,'tuple' object has no attribute 'metadata'
dissolved intraclast,'tuple' object has no attribute 'metadata'
dissolved ooid,'tuple' object has no attribute 'metadata'
distinct depositional configuration,'tuple' object has no attribute 'metadata'
distinct environmental condition,'tuple' object has no attribute 'metadata'
distinct lacustrine system condition,'tuple' object has no attribute 'metadata'
distribution in low,'tuple' object has no attribute 'metadata'
divergent fibrous aggregate,'tuple' object has no attribute 'metadata'
dolomite,'tuple' object has no attribute 'metadata'
dolomite association,'tuple' object has no attribute 'metadata'
dolomite predominance,'tuple' object has no attribute 'metadata'
dolomite preservation,'tuple' object has no attribute 'metadata'
dolomite replacement,'tuple' object has no attribute 'metadata'
dolomite rhomb,'tuple' object has no attribute 'metadata'
dolomite rhomb dissolution,'tuple' object has no attribute 'metadata'
dolomitic intraclast,'tuple' object has no attribute 'metadata'
dolocrete,'tuple' object has no attribute 'metadata'
dolostone,'tuple' object has no attribute 'metadata'
depositional condition,'tuple' object has no attribute 'metadata'
depositional energy variation,'tuple' object has no attribute 'metadata'
depositional geometry control,'tuple' object has no attribute 'metadata'
depositional model,'tuple' object has no attribute 'metadata'
depositional process,'tuple' object has no attribute 'metadata'
depositional environment,'tuple' object has no attribute 'metadata'
drift,'tuple' object has no attribute 'metadata'
dry climate,'tuple' object has no attribute 'metadata'
drusiform prismatic calcite,'tuple' object has no attribute 'metadata'
drusiform quartz,'tuple' object has no attribute 'metadata'
dynamic environment,'tuple' object has no attribute 'metadata'
dynamic reworking,'tuple' object has no attribute 'metadata'
early aptian,'tuple' object has no attribute 'metadata'
early cementation,'tuple' object has no attribute 'metadata'
early cretaceous,'tuple' object has no attribute 'metadata'
effective reservoir,'tuple' object has no attribute 'metadata'
elongated mound,'tuple' object has no attribute 'metadata'
engulfed by calcite aggregate,'tuple' object has no attribute 'metadata'
engulfed by blocky calcite,'tuple' object has no attribute 'metadata'
engulfed by interparticle cement,'tuple' object has no attribute 'metadata'
engulfed by shrub,'tuple' object has no attribute 'metadata'
engulfed by spherulite,'tuple' object has no attribute 'metadata'
engulfed dolomite rhomb,'tuple' object has no attribute 'metadata'
engulfed intraclast,'tuple' object has no attribute 'metadata'
engulfed ooid,'tuple' object has no attribute 'metadata'
engulfed ooidal particle,'tuple' object has no attribute 'metadata'
eoaptian,'tuple' object has no attribute 'metadata'
eogenetic constituent,'tuple' object has no attribute 'metadata'
epilimnion,'tuple' object has no attribute 'metadata'
episodic lateral connection,'tuple' object has no attribute 'metadata'
episodic reworking,'tuple' object has no attribute 'metadata'
eroded intraclast,'tuple' object has no attribute 'metadata'
erosion,'tuple' object has no attribute 'metadata'
erosion along unconformity,'tuple' object has no attribute 'metadata'
evaporite,'tuple' object has no attribute 'metadata'
evaporitic environment,'tuple' object has no attribute 'metadata'
exploration potential,'tuple' object has no attribute 'metadata'
exploration risk,'tuple' object has no attribute 'metadata'
exploration target,'tuple' object has no attribute 'metadata'
extensive alkaline system,'tuple' object has no attribute 'metadata'
extensive exposed area,'tuple' object has no attribute 'metadata'
extensive lacustrine carbonate sedimentation,'tuple' object has no attribute 'metadata'
extensive intraclastic grainstone package,'tuple' object has no attribute 'metadata'
extensive intraclastic rudstone package,'tuple' object has no attribute 'metadata'
facies distribution,'tuple' object has no attribute 'metadata'
facies distribution control,'tuple' object has no attribute 'metadata'
fascicular aggregate,'tuple' object has no attribute 'metadata'
fascicular calcite,'tuple' object has no attribute 'metadata'
fascicular calcite aggregate,'tuple' object has no attribute 'metadata'
fascicular crust,'tuple' object has no attribute 'metadata'
fascicular shrub,'tuple' object has no attribute 'metadata'
fascicular shrub precipitation,'tuple' object has no attribute 'metadata'
fault activity,'tuple' object has no attribute 'metadata'
fault alignment,'tuple' object has no attribute 'metadata'
faulted block margin,'tuple' object has no attribute 'metadata'
feldspar,'tuple' object has no attribute 'metadata'
filled by calcite,'tuple' object has no attribute 'metadata'
fine sand size,'tuple' object has no attribute 'metadata'
fining-up package,'tuple' object has no attribute 'metadata'
flocculation,'tuple' object has no attribute 'metadata'
fluid composition,'tuple' object has no attribute 'metadata'
fluid source,'tuple' object has no attribute 'metadata'
formation condition,'tuple' object has no attribute 'metadata'
formation contact,'tuple' object has no attribute 'metadata'
formation process,'tuple' object has no attribute 'metadata'
fragmented,'tuple' object has no attribute 'metadata'
fragmented bioclast,'tuple' object has no attribute 'metadata'
fracture filling,'tuple' object has no attribute 'metadata'
fracture porosity,'tuple' object has no attribute 'metadata'
frequent hydrodynamic condition fluctuation,'tuple' object has no attribute 'metadata'
frequent hydrodynamic perturbation,'tuple' object has no attribute 'metadata'
gamma-ray peak,'tuple' object has no attribute 'metadata'
gamma-ray value,'tuple' object has no attribute 'metadata'
gastropod,'tuple' object has no attribute 'metadata'
grain,'tuple' object has no attribute 'metadata'
grain erosion,'tuple' object has no attribute 'metadata'
grain fracture porosity,'tuple' object has no attribute 'metadata'
grain redeposition,'tuple' object has no attribute 'metadata'
grain replacement,'tuple' object has no attribute 'metadata'
granule size,'tuple' object has no attribute 'metadata'
gravitational deposit,'tuple' object has no attribute 'metadata'
gravitational redeposition,'tuple' object has no attribute 'metadata'
gravitational redeposition model,'tuple' object has no attribute 'metadata'
gravitational reworking process,'tuple' object has no attribute 'metadata'
gravity flow,'tuple' object has no attribute 'metadata'
growth phase,'tuple' object has no attribute 'metadata'
growth-framework pore,'tuple' object has no attribute 'metadata'
half-graben structure,'tuple' object has no attribute 'metadata'
halite,'tuple' object has no attribute 'metadata'
heterogeneous compaction,'tuple' object has no attribute 'metadata'
heterogeneous distribution,'tuple' object has no attribute 'metadata'
heterogeneous precipitation,'tuple' object has no attribute 'metadata'
high-angle margin,'tuple' object has no attribute 'metadata'
high-density bioclastic gravity flow,'tuple' object has no attribute 'metadata'
high-energy condition,'tuple' object has no attribute 'metadata'
high-frequency intercalation,'tuple' object has no attribute 'metadata'
high frequency depositional condition change,'tuple' object has no attribute 'metadata'
high frequency variation,'tuple' object has no attribute 'metadata'
highly alkaline environment,'tuple' object has no attribute 'metadata'
highly faulted,'tuple' object has no attribute 'metadata'
highly restricted environment,'tuple' object has no attribute 'metadata'
holocene,'tuple' object has no attribute 'metadata'
horst,'tuple' object has no attribute 'metadata'
host sediment,'tuple' object has no attribute 'metadata'
hummocky cross-stratification,'tuple' object has no attribute 'metadata'
hybrid arenite,'tuple' object has no attribute 'metadata'
hybrid siltite,'tuple' object has no attribute 'metadata'
hybrid siltite lamina,'tuple' object has no attribute 'metadata'
hybrid siltite porosity,'tuple' object has no attribute 'metadata'
hydrocarbon accumulation,'tuple' object has no attribute 'metadata'
hydrocarbon production,'tuple' object has no attribute 'metadata'
hydrocarbon production optimization,'tuple' object has no attribute 'metadata'
hydrostatic perturbation,'tuple' object has no attribute 'metadata'
hydrothermal alteration,'tuple' object has no attribute 'metadata'
hydrothermalism,'tuple' object has no attribute 'metadata'
hyperalkaline lake,'tuple' object has no attribute 'metadata'
hypolimnion,'tuple' object has no attribute 'metadata'
immature package,'tuple' object has no attribute 'metadata'
in situ calcite aggregate,'tuple' object has no attribute 'metadata'
in situ deposit,'tuple' object has no attribute 'metadata'
in situ deposit intercalation,'tuple' object has no attribute 'metadata'
in situ fascicular shrub deposit,'tuple' object has no attribute 'metadata'
in situ growth,'tuple' object has no attribute 'metadata'
in situ rock matrix,'tuple' object has no attribute 'metadata'
in situ spherulitic deposit,'tuple' object has no attribute 'metadata'
incipient pressure dissolution,'tuple' object has no attribute 'metadata'
inclusion,'tuple' object has no attribute 'metadata'
inductively coupled plasma mass spectrometry,'tuple' object has no attribute 'metadata'
intense calcite cementation,'tuple' object has no attribute 'metadata'
intense dolomite cementation,'tuple' object has no attribute 'metadata'
intense lake water evaporation,'tuple' object has no attribute 'metadata'
intense tectonism,'tuple' object has no attribute 'metadata'
intense volcanism,'tuple' object has no attribute 'metadata'
inter-aggregate cement,'tuple' object has no attribute 'metadata'
inter-aggregate matrix dissolution,'tuple' object has no attribute 'metadata'
inter-aggregate porosity,'tuple' object has no attribute 'metadata'
inter-aggregate porosity cementation,'tuple' object has no attribute 'metadata'
inter-aggregate porosity enlargement,'tuple' object has no attribute 'metadata'
interface perturbation,'tuple' object has no attribute 'metadata'
interlayering,'tuple' object has no attribute 'metadata'
internal wave,'tuple' object has no attribute 'metadata'
internal wave breaking,'tuple' object has no attribute 'metadata'
internal wave perturbation,'tuple' object has no attribute 'metadata'
interparticle blocky calcite cement,'tuple' object has no attribute 'metadata'
interparticle blocky dolomite cement,'tuple' object has no attribute 'metadata'
interparticle calcite cement,'tuple' object has no attribute 'metadata'
interparticle dolomite cement,'tuple' object has no attribute 'metadata'
interparticle magnesite cement,'tuple' object has no attribute 'metadata'
interparticle porosity,'tuple' object has no attribute 'metadata'
interparticle porosity filling,'tuple' object has no attribute 'metadata'
interstitial matrix replacement,'tuple' object has no attribute 'metadata'
intraclast,'tuple' object has no attribute 'metadata'
intraclast encrustation,'tuple' object has no attribute 'metadata'
intraclast origin,'tuple' object has no attribute 'metadata'
intraclast within intraclast,'tuple' object has no attribute 'metadata'
intraclast within ooid,'tuple' object has no attribute 'metadata'
intraclastic calcarenite,'tuple' object has no attribute 'metadata'
intraclastic calcirudite,'tuple' object has no attribute 'metadata'
intraclastic deposit,'tuple' object has no attribute 'metadata'
intraclastic level,'tuple' object has no attribute 'metadata'
intraclastic nucleus,'tuple' object has no attribute 'metadata'
intraclastic reservoir,'tuple' object has no attribute 'metadata'
intra-aggregate microporosity,'tuple' object has no attribute 'metadata'
intra-aggregate porosity,'tuple' object has no attribute 'metadata'
intrabasinal structural high,'tuple' object has no attribute 'metadata'
intracrystalline porosity,'tuple' object has no attribute 'metadata'
intraparticle blocky calcite cement,'tuple' object has no attribute 'metadata'
intraparticle blocky dolomite cement,'tuple' object has no attribute 'metadata'
intraparticle calcite cement,'tuple' object has no attribute 'metadata'
intraparticle dolomite cement,'tuple' object has no attribute 'metadata'
intraparticle magnesite cement,'tuple' object has no attribute 'metadata'
intraparticle porosity,'tuple' object has no attribute 'metadata'
intraparticle porosity filling,'tuple' object has no attribute 'metadata'
intraparticle porosity lining,'tuple' object has no attribute 'metadata'
irregular dissolution,'tuple' object has no attribute 'metadata'
irregular envelope,'tuple' object has no attribute 'metadata'
isotope value,'tuple' object has no attribute 'metadata'
isotopic analysis sample,'tuple' object has no attribute 'metadata'
isotopic characteristic,'tuple' object has no attribute 'metadata'
isotopic normalization,'tuple' object has no attribute 'metadata'
isotopic ratio,'tuple' object has no attribute 'metadata'
karst,'tuple' object has no attribute 'metadata'
kerolite,'tuple' object has no attribute 'metadata'
lack of analog,'tuple' object has no attribute 'metadata'
lack of exposure feature,'tuple' object has no attribute 'metadata'
lack of marine fossil,'tuple' object has no attribute 'metadata'
lack of subaerial exposure evidence,'tuple' object has no attribute 'metadata'
lack of tractive process structure,'tuple' object has no attribute 'metadata'
lacustrine carbonate,'tuple' object has no attribute 'metadata'
lacustrine carbonate facies deposition,'tuple' object has no attribute 'metadata'
lacustrine carbonate platform,'tuple' object has no attribute 'metadata'
lacustrine sandstone,'tuple' object has no attribute 'metadata'
lacustrine rift basin,'tuple' object has no attribute 'metadata'
lake level fluctuation,'tuple' object has no attribute 'metadata'
lake level variation,'tuple' object has no attribute 'metadata'
lake water geochemistry,'tuple' object has no attribute 'metadata'
lake water-atmosphere equilibration,'tuple' object has no attribute 'metadata'
lamellar magnesite,'tuple' object has no attribute 'metadata'
lamellar magnesite aggregate,'tuple' object has no attribute 'metadata'
lamellar shrinkage porosity,'tuple' object has no attribute 'metadata'
laminated,'tuple' object has no attribute 'metadata'
laminated clay reworking,'tuple' object has no attribute 'metadata'
laminated hybrid siltite,'tuple' object has no attribute 'metadata'
laminated level,'tuple' object has no attribute 'metadata'
laminated magnesium clay,'tuple' object has no attribute 'metadata'
laminated magnesium clay deposit,'tuple' object has no attribute 'metadata'
laminated magnesium clay matrix,'tuple' object has no attribute 'metadata'
laminated mudstone,'tuple' object has no attribute 'metadata'
large lacustrine system,'tuple' object has no attribute 'metadata'
large stratified lacustrine system,'tuple' object has no attribute 'metadata'
large-scale desiccation,'tuple' object has no attribute 'metadata'
large-scale exposure,'tuple' object has no attribute 'metadata'
lateral facies variation,'tuple' object has no attribute 'metadata'
less common diagenetic constituent,'tuple' object has no attribute 'metadata'
limited syndepositional tectonism,'tuple' object has no attribute 'metadata'
lithologic type,'tuple' object has no attribute 'metadata'
lobate spherulite,'tuple' object has no attribute 'metadata'
localized area,'tuple' object has no attribute 'metadata'
localized level,'tuple' object has no attribute 'metadata'
log signature,'tuple' object has no attribute 'metadata'
long contact,'tuple' object has no attribute 'metadata'
loose packing,'tuple' object has no attribute 'metadata'
low-angle cross-stratification,'tuple' object has no attribute 'metadata'
lower energy condition,'tuple' object has no attribute 'metadata'
lower frequency,'tuple' object has no attribute 'metadata'
lower rift phase,'tuple' object has no attribute 'metadata'
lower rift sequence,'tuple' object has no attribute 'metadata'
lower syn-rift,'tuple' object has no attribute 'metadata'
macrocrystalline,'tuple' object has no attribute 'metadata'
macrocrystalline barite,'tuple' object has no attribute 'metadata'
macrocrystalline dawsonite,'tuple' object has no attribute 'metadata'
macrocrystalline habit,'tuple' object has no attribute 'metadata'
macrocrystalline quartz,'tuple' object has no attribute 'metadata'
magnesite,'tuple' object has no attribute 'metadata'
magnesium clay,'tuple' object has no attribute 'metadata'
magnesium clay matrix,'tuple' object has no attribute 'metadata'
main depositional environment,'tuple' object has no attribute 'metadata'
main porosity type,'tuple' object has no attribute 'metadata'
main source rock,'tuple' object has no attribute 'metadata'
marine influx,'tuple' object has no attribute 'metadata'
marine water flooding,'tuple' object has no attribute 'metadata'
marginal intraparticle porosity,'tuple' object has no attribute 'metadata'
marcasite,'tuple' object has no attribute 'metadata'
massive,'tuple' object has no attribute 'metadata'
massive calcarenite,'tuple' object has no attribute 'metadata'
massive calcirudite,'tuple' object has no attribute 'metadata'
massive structure,'tuple' object has no attribute 'metadata'
matrix,'tuple' object has no attribute 'metadata'
matrix dehydration,'tuple' object has no attribute 'metadata'
matrix displacement,'tuple' object has no attribute 'metadata'
matrix dissolution,'tuple' object has no attribute 'metadata'
matrix replacement,'tuple' object has no attribute 'metadata'
matrix remnant incorporation,'tuple' object has no attribute 'metadata'
mechanical compaction,'tuple' object has no attribute 'metadata'
mechanical subsidence,'tuple' object has no attribute 'metadata'
meniscus cement,'tuple' object has no attribute 'metadata'
meromictic alkaline lacustrine system,'tuple' object has no attribute 'metadata'
meromictic lacustrine system,'tuple' object has no attribute 'metadata'
meteoric oxygen isotope value,'tuple' object has no attribute 'metadata'
mica,'tuple' object has no attribute 'metadata'
microbial accretion,'tuple' object has no attribute 'metadata'
microbial feature,'tuple' object has no attribute 'metadata'
microbial intraclast,'tuple' object has no attribute 'metadata'
microbial origin,'tuple' object has no attribute 'metadata'
microcrystalline,'tuple' object has no attribute 'metadata'
microcrystalline calcite,'tuple' object has no attribute 'metadata'
microcrystalline calcite intraclast,'tuple' object has no attribute 'metadata'
microcrystalline crystal,'tuple' object has no attribute 'metadata'
microcrystalline dolomite,'tuple' object has no attribute 'metadata'
microcrystalline level,'tuple' object has no attribute 'metadata'
microcrystalline pyrite,'tuple' object has no attribute 'metadata'
microcrystalline quartz,'tuple' object has no attribute 'metadata'
micro-stylolitization,'tuple' object has no attribute 'metadata'
microporosity,'tuple' object has no attribute 'metadata'
microspherulite,'tuple' object has no attribute 'metadata'
microspherulitic aggregate,'tuple' object has no attribute 'metadata'
migration,'tuple' object has no attribute 'metadata'
millimeter level,'tuple' object has no attribute 'metadata'
millimeter-thin layer,'tuple' object has no attribute 'metadata'
mineral precipitation,'tuple' object has no attribute 'metadata'
mixed constituent,'tuple' object has no attribute 'metadata'
modern analog,'tuple' object has no attribute 'metadata'
moldic pore,'tuple' object has no attribute 'metadata'
moldic porosity,'tuple' object has no attribute 'metadata'
monocrystalline quartz,'tuple' object has no attribute 'metadata'
morphological aspect,'tuple' object has no attribute 'metadata'
mosaic habit,'tuple' object has no attribute 'metadata'
mound,'tuple' object has no attribute 'metadata'
mud intraclast,'tuple' object has no attribute 'metadata'
mud intraclast compaction,'tuple' object has no attribute 'metadata'
mud intraclast deformation,'tuple' object has no attribute 'metadata'
mudstone,'tuple' object has no attribute 'metadata'
mudstone porosity,'tuple' object has no attribute 'metadata'
multicycle redeposition,'tuple' object has no attribute 'metadata'
multicycle redeposition feature,'tuple' object has no attribute 'metadata'
multiple cycle within grain,'tuple' object has no attribute 'metadata'
multiple small lake,'tuple' object has no attribute 'metadata'
muscovite,'tuple' object has no attribute 'metadata'
natural gas,'tuple' object has no attribute 'metadata'
near constant lake level,'tuple' object has no attribute 'metadata'
net pay,'tuple' object has no attribute 'metadata'
neobarremian,'tuple' object has no attribute 'metadata'
nmr porosity,'tuple' object has no attribute 'metadata'
non-marine origin,'tuple' object has no attribute 'metadata'
oil accumulation,'tuple' object has no attribute 'metadata'
oil impregnation,'tuple' object has no attribute 'metadata'
oil production,'tuple' object has no attribute 'metadata'
oncoid,'tuple' object has no attribute 'metadata'
onlap,'tuple' object has no attribute 'metadata'
ooid,'tuple' object has no attribute 'metadata'
ooid encrustation,'tuple' object has no attribute 'metadata'
ooid envelope,'tuple' object has no attribute 'metadata'
ooid envelope detachment,'tuple' object has no attribute 'metadata'
ooid margin dissolution,'tuple' object has no attribute 'metadata'
ooid nucleus,'tuple' object has no attribute 'metadata'
ooid replacement,'tuple' object has no attribute 'metadata'
ooid with intraclastic nucleus,'tuple' object has no attribute 'metadata'
ooid within intraclast,'tuple' object has no attribute 'metadata'
ooidal-bioclastic intraclast,'tuple' object has no attribute 'metadata'
ooidal grain,'tuple' object has no attribute 'metadata'
ooidal nucleus,'tuple' object has no attribute 'metadata'
organic matter,'tuple' object has no attribute 'metadata'
organic matter concentration,'tuple' object has no attribute 'metadata'
organic wall,'tuple' object has no attribute 'metadata'
original fibrous fabric,'tuple' object has no attribute 'metadata'
original internal structure,'tuple' object has no attribute 'metadata'
original lamination,'tuple' object has no attribute 'metadata'
original magnesium clay composition remnant,'tuple' object has no attribute 'metadata'
original matrix dehydration,'tuple' object has no attribute 'metadata'
original matrix lamination preservation,'tuple' object has no attribute 'metadata'
original matrix replacement,'tuple' object has no attribute 'metadata'
original matrix structure,'tuple' object has no attribute 'metadata'
original structure preservation,'tuple' object has no attribute 'metadata'
ostracod bioclast,'tuple' object has no attribute 'metadata'
ostracod bioclast ghost,'tuple' object has no attribute 'metadata'
overlying evaporite,'tuple' object has no attribute 'metadata'
overlying evaporite seismic effect,'tuple' object has no attribute 'metadata'
oxidation,'tuple' object has no attribute 'metadata'
paleocurrent predominance,'tuple' object has no attribute 'metadata'
paleoenvironmental condition,'tuple' object has no attribute 'metadata'
partial dissolution,'tuple' object has no attribute 'metadata'
partial envelope preservation,'tuple' object has no attribute 'metadata'
partial grain replacement,'tuple' object has no attribute 'metadata'
partial interparticle porosity filling,'tuple' object has no attribute 'metadata'
partial matrix dissolution,'tuple' object has no attribute 'metadata'
partially eogenetic,'tuple' object has no attribute 'metadata'
partially syngenetic,'tuple' object has no attribute 'metadata'
particle replacement,'tuple' object has no attribute 'metadata'
peloid dissolution,'tuple' object has no attribute 'metadata'
peloid ghost,'tuple' object has no attribute 'metadata'
peloid replacement,'tuple' object has no attribute 'metadata'
peloidal grain,'tuple' object has no attribute 'metadata'
peloidal intraclast,'tuple' object has no attribute 'metadata'
peloidal intraclast deformation,'tuple' object has no attribute 'metadata'
peloidal matrix,'tuple' object has no attribute 'metadata'
peloidal pseudomatrix,'tuple' object has no attribute 'metadata'
peloidal siltite,'tuple' object has no attribute 'metadata'
peloidal siltite lamina,'tuple' object has no attribute 'metadata'
permeability,'tuple' object has no attribute 'metadata'
petrographic characteristic,'tuple' object has no attribute 'metadata'
petrographic characterization,'tuple' object has no attribute 'metadata'
petrographic study,'tuple' object has no attribute 'metadata'
petrophysical log characterization,'tuple' object has no attribute 'metadata'
phosphatic bioclast,'tuple' object has no attribute 'metadata'
phosphatic fragment,'tuple' object has no attribute 'metadata'
phosphatic grain,'tuple' object has no attribute 'metadata'
plasma source,'tuple' object has no attribute 'metadata'
planar cross lamination,'tuple' object has no attribute 'metadata'
planar low angle stratification,'tuple' object has no attribute 'metadata'
plutonic basement rock,'tuple' object has no attribute 'metadata'
poikilotopic habit,'tuple' object has no attribute 'metadata'
pore center,'tuple' object has no attribute 'metadata'
pore space filling,'tuple' object has no attribute 'metadata'
pore type,'tuple' object has no attribute 'metadata'
porosity,'tuple' object has no attribute 'metadata'
post-depositional tectonics,'tuple' object has no attribute 'metadata'
post-rift,'tuple' object has no attribute 'metadata'
post-rift phase,'tuple' object has no attribute 'metadata'
potassium-rich clay,'tuple' object has no attribute 'metadata'
pre-alagoas unconformity,'tuple' object has no attribute 'metadata'
precambrian crystalline basement,'tuple' object has no attribute 'metadata'
pre-salt,'tuple' object has no attribute 'metadata'
pre-salt deposit,'tuple' object has no attribute 'metadata'
pre-salt intraclastic deposit,'tuple' object has no attribute 'metadata'
pre-salt intraclastic facies,'tuple' object has no attribute 'metadata'
pre-salt succession,'tuple' object has no attribute 'metadata'
precipitation condition,'tuple' object has no attribute 'metadata'
predominantly massive structure,'tuple' object has no attribute 'metadata'
preserved calcite rim,'tuple' object has no attribute 'metadata'
preserved primary interparticle pore,'tuple' object has no attribute 'metadata'
primary composition,'tuple' object has no attribute 'metadata'
primary constituent,'tuple' object has no attribute 'metadata'
primary interparticle porosity,'tuple' object has no attribute 'metadata'
primary porosity preservation,'tuple' object has no attribute 'metadata'
prismatic celestite,'tuple' object has no attribute 'metadata'
prismatic rim,'tuple' object has no attribute 'metadata'
progradational carbonate platform,'tuple' object has no attribute 'metadata'
progradational wedge,'tuple' object has no attribute 'metadata'
proximal alluvial fan,'tuple' object has no attribute 'metadata'
pseudomatrix,'tuple' object has no attribute 'metadata'
pseudomatrix generation,'tuple' object has no attribute 'metadata'
pyrite,'tuple' object has no attribute 'metadata'
quantitative petrography description,'tuple' object has no attribute 'metadata'
quartz,'tuple' object has no attribute 'metadata'
radial extinction,'tuple' object has no attribute 'metadata'
radial structure,'tuple' object has no attribute 'metadata'
rapid hydrodynamic condition change,'tuple' object has no attribute 'metadata'
recent environment,'tuple' object has no attribute 'metadata'
recent lacustrine system,'tuple' object has no attribute 'metadata'
recrystallized,'tuple' object has no attribute 'metadata'
recurrent reworking,'tuple' object has no attribute 'metadata'
recurrent tectonic pulse,'tuple' object has no attribute 'metadata'
recurrent variation,'tuple' object has no attribute 'metadata'
redeposition,'tuple' object has no attribute 'metadata'
redeposition by gravity flow,'tuple' object has no attribute 'metadata'
redepositional mixing,'tuple' object has no attribute 'metadata'
reflector thickening,'tuple' object has no attribute 'metadata'
reflector truncation,'tuple' object has no attribute 'metadata'
regional seal,'tuple' object has no attribute 'metadata'
regional uplift,'tuple' object has no attribute 'metadata'
relationship with porosity,'tuple' object has no attribute 'metadata'
relict structure preservation,'tuple' object has no attribute 'metadata'
replacive dolomite,'tuple' object has no attribute 'metadata'
replacive microcrystalline calcite,'tuple' object has no attribute 'metadata'
replacive microcrystalline dolomite,'tuple' object has no attribute 'metadata'
replacive microcrystalline quartz,'tuple' object has no attribute 'metadata'
replacive pyrite,'tuple' object has no attribute 'metadata'
replacive silica,'tuple' object has no attribute 'metadata'
reservoir,'tuple' object has no attribute 'metadata'
reservoir geometry,'tuple' object has no attribute 'metadata'
reservoir property,'tuple' object has no attribute 'metadata'
reservoir quality,'tuple' object has no attribute 'metadata'
restricted fauna,'tuple' object has no attribute 'metadata'
restricted lagoon,'tuple' object has no attribute 'metadata'
restricted marine gulf,'tuple' object has no attribute 'metadata'
restricted spatial distribution,'tuple' object has no attribute 'metadata'
reworked deposit,'tuple' object has no attribute 'metadata'
reworked pre-salt deposit,'tuple' object has no attribute 'metadata'
reworking,'tuple' object has no attribute 'metadata'
reworking feature,'tuple' object has no attribute 'metadata'
rift half-graben,'tuple' object has no attribute 'metadata'
rift half-graben low,'tuple' object has no attribute 'metadata'
rift interval,'tuple' object has no attribute 'metadata'
rifting,'tuple' object has no attribute 'metadata'
rift phase,'tuple' object has no attribute 'metadata'
rift phase tectonic context,'tuple' object has no attribute 'metadata'
rift section,'tuple' object has no attribute 'metadata'
rift section ooid,'tuple' object has no attribute 'metadata'
rift sequence,'tuple' object has no attribute 'metadata'
rift stage,'tuple' object has no attribute 'metadata'
rock fabric,'tuple' object has no attribute 'metadata'
rock structure,'tuple' object has no attribute 'metadata'
rounded shape,'tuple' object has no attribute 'metadata'
rudstone,'tuple' object has no attribute 'metadata'
sag carbonate structure mound aspect,'tuple' object has no attribute 'metadata'
sag section,'tuple' object has no attribute 'metadata'
sag sequence,'tuple' object has no attribute 'metadata'
sag spherulstone,'tuple' object has no attribute 'metadata'
saline lake,'tuple' object has no attribute 'metadata'
salinity variation,'tuple' object has no attribute 'metadata'
same facies occurrence,'tuple' object has no attribute 'metadata'
sandstone,'tuple' object has no attribute 'metadata'
saddle habit,'tuple' object has no attribute 'metadata'
scarce siliciclastic grain,'tuple' object has no attribute 'metadata'
secondary,'tuple' object has no attribute 'metadata'
secondary interparticle dissolution,'tuple' object has no attribute 'metadata'
secondary intraparticle porosity,'tuple' object has no attribute 'metadata'
secondary pore,'tuple' object has no attribute 'metadata'
secondary porosity,'tuple' object has no attribute 'metadata'
sediment transport,'tuple' object has no attribute 'metadata'
sediment-water interface,'tuple' object has no attribute 'metadata'
sedimentary difference,'tuple' object has no attribute 'metadata'
sedimentary structure,'tuple' object has no attribute 'metadata'
seismic aspect,'tuple' object has no attribute 'metadata'
seismic characterization,'tuple' object has no attribute 'metadata'
seismic facies,'tuple' object has no attribute 'metadata'
seismic facies differentiation,'tuple' object has no attribute 'metadata'
seismic pattern,'tuple' object has no attribute 'metadata'
seismic reflector lateral continuity,'tuple' object has no attribute 'metadata'
sepiolite alteration,'tuple' object has no attribute 'metadata'
shale,'tuple' object has no attribute 'metadata'
shallow lake,'tuple' object has no attribute 'metadata'
shallow lacustrine deposit remobilization,'tuple' object has no attribute 'metadata'
shallow lacustrine environment,'tuple' object has no attribute 'metadata'
shallow water carbonate sediment,'tuple' object has no attribute 'metadata'
shallow water reworked deposit,'tuple' object has no attribute 'metadata'
sharp-based package,'tuple' object has no attribute 'metadata'
shore-parallel current,'tuple' object has no attribute 'metadata'
shore-parallel paleocurrent,'tuple' object has no attribute 'metadata'
shrub,'tuple' object has no attribute 'metadata'
shrub dissolution,'tuple' object has no attribute 'metadata'
shrub erosion,'tuple' object has no attribute 'metadata'
shrub morphology,'tuple' object has no attribute 'metadata'
shrubstone,'tuple' object has no attribute 'metadata'
shrinkage pore,'tuple' object has no attribute 'metadata'
silt size,'tuple' object has no attribute 'metadata'
siltite,'tuple' object has no attribute 'metadata'
silica,'tuple' object has no attribute 'metadata'
silica association,'tuple' object has no attribute 'metadata'
siliciclastic grain,'tuple' object has no attribute 'metadata'
silicified rock,'tuple' object has no attribute 'metadata'
silicification,'tuple' object has no attribute 'metadata'
single cortical coating,'tuple' object has no attribute 'metadata'
single cortical envelope,'tuple' object has no attribute 'metadata'
single lacustrine system,'tuple' object has no attribute 'metadata'
slope destabilization,'tuple' object has no attribute 'metadata'
slope redeposition,'tuple' object has no attribute 'metadata'
small isolated lake system,'tuple' object has no attribute 'metadata'
small spherulite,'tuple' object has no attribute 'metadata'
soluble salt,'tuple' object has no attribute 'metadata'
source rock,'tuple' object has no attribute 'metadata'
south atlantic margin,'tuple' object has no attribute 'metadata'
south atlantic rift basin,'tuple' object has no attribute 'metadata'
spherical microorganism,'tuple' object has no attribute 'metadata'
spherical microorganism dissolution,'tuple' object has no attribute 'metadata'
spherulite,'tuple' object has no attribute 'metadata'
spherulite coalescence,'tuple' object has no attribute 'metadata'
spherulite dissolution,'tuple' object has no attribute 'metadata'
spherulite erosion,'tuple' object has no attribute 'metadata'
spherulitic aggregate covering,'tuple' object has no attribute 'metadata'
spherulitic calcite precipitation,'tuple' object has no attribute 'metadata'
spherulitic intraclast,'tuple' object has no attribute 'metadata'
spherulitic rock,'tuple' object has no attribute 'metadata'
spherulstone,'tuple' object has no attribute 'metadata'
spring conduit,'tuple' object has no attribute 'metadata'
stable carbon isotope,'tuple' object has no attribute 'metadata'
stable isotope composition,'tuple' object has no attribute 'metadata'
stable oxygen isotope,'tuple' object has no attribute 'metadata'
staining technique,'tuple' object has no attribute 'metadata'
stevensite,'tuple' object has no attribute 'metadata'
stevensite intraclast,'tuple' object has no attribute 'metadata'
stevensite ooid,'tuple' object has no attribute 'metadata'
stevensite peloid,'tuple' object has no attribute 'metadata'
stevensite preservation,'tuple' object has no attribute 'metadata'
stevensite precipitation,'tuple' object has no attribute 'metadata'
stevensite subaerial exposure,'tuple' object has no attribute 'metadata'
stevensitic grain,'tuple' object has no attribute 'metadata'
storm,'tuple' object has no attribute 'metadata'
storm reworking,'tuple' object has no attribute 'metadata'
stratified lake,'tuple' object has no attribute 'metadata'
stratified lacustrine system,'tuple' object has no attribute 'metadata'
stratified system oscillation,'tuple' object has no attribute 'metadata'
stratigraphic framework,'tuple' object has no attribute 'metadata'
stratigraphic unit lateral continuity,'tuple' object has no attribute 'metadata'
strontium isotope,'tuple' object has no attribute 'metadata'
strong evaporative condition,'tuple' object has no attribute 'metadata'
strong lateral grain size variation,'tuple' object has no attribute 'metadata'
structural difference,'tuple' object has no attribute 'metadata'
structural high,'tuple' object has no attribute 'metadata'
structural high development,'tuple' object has no attribute 'metadata'
structural high occurrence,'tuple' object has no attribute 'metadata'
structural low,'tuple' object has no attribute 'metadata'
stylolite concentration,'tuple' object has no attribute 'metadata'
subaerial disaggregation,'tuple' object has no attribute 'metadata'
subaerial exposure feature,'tuple' object has no attribute 'metadata'
subaerial travertine,'tuple' object has no attribute 'metadata'
subaqueous slide,'tuple' object has no attribute 'metadata'
sub-lacustrine travertine system,'tuple' object has no attribute 'metadata'
sub-vertical fracture,'tuple' object has no attribute 'metadata'
sub-vertical orientation,'tuple' object has no attribute 'metadata'
subsidence decrease,'tuple' object has no attribute 'metadata'
superficial ooid,'tuple' object has no attribute 'metadata'
superficial current,'tuple' object has no attribute 'metadata'
superficial wave,'tuple' object has no attribute 'metadata'
sutured interparticle contact,'tuple' object has no attribute 'metadata'
sylvite,'tuple' object has no attribute 'metadata'
symmetric aggregate,'tuple' object has no attribute 'metadata'
syn-sedimentary deformation feature,'tuple' object has no attribute 'metadata'
syngenetic sulfate,'tuple' object has no attribute 'metadata'
systematic petrographic analysis,'tuple' object has no attribute 'metadata'
tachyhydrite,'tuple' object has no attribute 'metadata'
tectonic activity,'tuple' object has no attribute 'metadata'
tectonic context,'tuple' object has no attribute 'metadata'
tectono-sedimentary dynamic,'tuple' object has no attribute 'metadata'
tectono-stratigraphic setting,'tuple' object has no attribute 'metadata'
terminal splay deposit,'tuple' object has no attribute 'metadata'
textural characteristic,'tuple' object has no attribute 'metadata'
texture,'tuple' object has no attribute 'metadata'
thermal subsidence,'tuple' object has no attribute 'metadata'
thick envelope,'tuple' object has no attribute 'metadata'
thick intraclastic deposit,'tuple' object has no attribute 'metadata'
thick package,'tuple' object has no attribute 'metadata'
thin clay envelope,'tuple' object has no attribute 'metadata'
thin magnesium clay wall,'tuple' object has no attribute 'metadata'
thin section,'tuple' object has no attribute 'metadata'
thin section scale,'tuple' object has no attribute 'metadata'
tholeiitic basalt,'tuple' object has no attribute 'metadata'
topography,'tuple' object has no attribute 'metadata'
total dissolution,'tuple' object has no attribute 'metadata'
total dolomitization,'tuple' object has no attribute 'metadata'
total grain replacement,'tuple' object has no attribute 'metadata'
total matrix dolomitization,'tuple' object has no attribute 'metadata'
total matrix silicification,'tuple' object has no attribute 'metadata'
total ostracod bioclast dissolution,'tuple' object has no attribute 'metadata'
total peloid dissolution,'tuple' object has no attribute 'metadata'
total spherulite dissolution,'tuple' object has no attribute 'metadata'
total silicification,'tuple' object has no attribute 'metadata'
tractive process,'tuple' object has no attribute 'metadata'
transitional environment,'tuple' object has no attribute 'metadata'
transitional form,'tuple' object has no attribute 'metadata'
transgressive event,'tuple' object has no attribute 'metadata'
trapped hydrocarbon,'tuple' object has no attribute 'metadata'
travertine,'tuple' object has no attribute 'metadata'
ultra-deep water,'tuple' object has no attribute 'metadata'
unconformity,'tuple' object has no attribute 'metadata'
upper rift phase,'tuple' object has no attribute 'metadata'
upper syn-rift,'tuple' object has no attribute 'metadata'
uranium in bitumen,'tuple' object has no attribute 'metadata'
unusual characteristic,'tuple' object has no attribute 'metadata'
unusual lacustrine carbonate,'tuple' object has no attribute 'metadata'
vadose pendular cement,'tuple' object has no attribute 'metadata'
valanginian,'tuple' object has no attribute 'metadata'
vast lacustrine system,'tuple' object has no attribute 'metadata'
vertical facies variation,'tuple' object has no attribute 'metadata'
volcanic basement,'tuple' object has no attribute 'metadata'
volcanic fragment,'tuple' object has no attribute 'metadata'
volcanic source,'tuple' object has no attribute 'metadata'
vugular pore,'tuple' object has no attribute 'metadata'
vugular porosity,'tuple' object has no attribute 'metadata'
water chemistry change factor,'tuple' object has no attribute 'metadata'
water-sediment interface,'tuple' object has no attribute 'metadata'
wave,'tuple' object has no attribute 'metadata'
wave activity,'tuple' object has no attribute 'metadata'
wave deposit structure,'tuple' object has no attribute 'metadata'
wave-driven reworking process,'tuple' object has no attribute 'metadata'
wave redeposition model,'tuple' object has no attribute 'metadata'
wave ripple,'tuple' object has no attribute 'metadata'
wave reworking,'tuple' object has no attribute 'metadata'
wave structure,'tuple' object has no attribute 'metadata'
well-sorted package,'tuple' object has no attribute 'metadata'
west african margin,'tuple' object has no attribute 'metadata'
widely distributed,'tuple' object has no attribute 'metadata'
wind stress fluctuation,'tuple' object has no attribute 'metadata'
